url,name,address,city,state,phone
http://www.olcocpa.com/,"Okonak Lechner & Company, PC","îƒˆ912 Pleasant Valley Blvd #1, Altoona, PA 16602",Altoona,PA,î‚°(814) 944-5713
https://mccluresewell.com/,Mc Clure Sewell & Associates Inc.,"îƒˆ752 Chestnut St, Gadsden, AL 35901",Gadsden,AL,î‚°(256) 546-0473
http://www.facebook.com/aatsglencoe/,Advanced Accounting & Tax Service,"îƒˆ302 Valley St, Glencoe, AL 35905",Glencoe,AL,î‚°(256) 494-9879
http://www.reillycreppage.com/,Reilly Creppage & Co Inc,"îƒˆ601 Valley View Blvd, Altoona, PA 16602",Altoona,PA,î‚°(814) 944-6178
https://cpamobileal.com/,Lindsey & Waldo,"îƒˆ4328 Boulevard Park S, Mobile, AL 36609",Mobile,AL,î‚°(251) 633-4070
http://www.machen.cpa/,Machen McChesney,"îƒˆ1820 E University Dr, Auburn, AL 36830",Auburn,AL,î‚°(334) 887-7022
http://www.abstaxshelter.com/,Tax Shelter,"îƒˆ301 Union Ave, Altoona, PA 16602",Altoona,PA,î‚°(814) 944-9000
http://www.atsiowa.com/,Altoona Tax Service & ATS Tax,"îƒˆ317 8th St SW, Altoona, IA 50009",Altoona,IA,î‚°(515) 967-5995
http://reillycreppage.com/,Reilly Creppage & Co: Cyran David A CPA,"îƒˆ601 Valley View Blvd, Altoona, PA 16602",Altoona,PA,î‚°(814) 944-6178
https://www.pikeroadaccounting.com/,Pike Road Accounting,,Altoona,AL,î‚°(256) 613-1518
http://www.smithdukes.com/,Smith Dukes & Buckalew LLP,"îƒˆ3800 Airport Blvd #101, Mobile, AL 36608",Mobile,AL,î‚°(251) 343-1200
https://www.popetax.com/,Pope Tax And Accounting LLC,"îƒˆ940 Schillinger Rd N #5, Mobile, AL 36608",Mobile,AL,î‚°(251) 217-2976
https://www.performancefinancialllc.com/?utm_source=GMB&utm_medium=GMB&utm_campaign=GMB,Performance Financial,"îƒˆ2907 Merle Hay Rd, Des Moines, IA 50310",Des Moines,IA,î‚°(515) 949-0123
https://www.gbdcpa.net/,Graham Brown & Dutton,"îƒˆ1111 Hillcrest Rd, Mobile, AL 36695",Mobile,AL,î‚°(251) 340-7345
http://www.rulandcpa.com/,"Ruland & Ruland CPAs, LLC","îƒˆ6170 Omni Park Dr, Mobile, AL 36609",Mobile,AL,î‚°(251) 344-2777
https://foxtaxservicedsm.com/,Fox Tax Service,"îƒˆ2723 Euclid Ave, Des Moines, IA 50310",Des Moines,IA,î‚°(515) 988-0716
https://www.yobco.com/,Young Oakes Brown & Co,"îƒˆ1210 13th St, Altoona, PA 16601",Altoona,PA,î‚°(814) 944-6191
http://www.ccsme-cpas.com/,"Crow, Constantine, Singleton, Morrow & Elliott, PC","îƒˆ2062 Dauphin St, Mobile, AL 36606",Mobile,AL,
http://www.llcpa.com/,"Lawrence & Lawrence, PC","îƒˆ316 Bel Air Blvd, Mobile, AL 36606",Mobile,AL,î‚°(251) 476-7685
